"Feature","NiceGui","Streamlit","Gradio"
"Python version support","3.6+ 游댯","3.6+ 游댯","3.6+ 游댯"
"Dependencies","NumPy,SciPy,Matplotlib 游댯","NumPy, SciPy", "Pandas, Plotly 游댯,NumPy, SciPy 游댯"
"Ease of use","Easy to learn and use 游릭","Easy to learn and use 游릭","Easy to learn and use 游릭"
"Customization","Highly customizable 游릭","Highly customizable 游릭","Highly customizable 游릭"
"Deployment", "Docker, etc. 游릭", "Docker, etc. 游릭", "Docker, etc. 游릭"
"Community support","Active community 游릭","Active community 游릭","Active community 游릭"
"Documentation","Good documentation 游릭","Good documentation 游릭","Good documentation 游릭"
"Auth","No 游댮","Yes 游릭","Yes 游릭"
"Database","No 游댮","Yes 游릭","No 游댮"
"API","No 游댮","Yes 游릭","Yes 游릭"
"SVG","No 游댮","Yes 游릭","Yes 游릭"
"Stars","100+ 游릭","10,000+ 游릭","1,000+ 游릭"
"Forks","10+ 游릭","1,000+ 游릭","100+ 游릭"
"Last released","2022-01-01 游댮","2022-03-08 游릭","2022-05-17 游릭"
"Developer","Individual 游댮","Company 游릭","Company 游릭"
"Capital","No 游댮","Yes 游릭","Yes 游릭"