abeiten,arbeiten
abend,Abend
abfluß,abfluss
abguß,abguss
ablaß,ablass
abnachung,abmachung
abriß,abriss
abschluß,abschluss
abschuß,abschuss
abszeß,abszess
accesoir,accessoire
accessoir,accessoire
acksessoir,accessoire
addressier,adressier
aderlaß,aderlass
adneralin,adrenalin
adnere,andere
adneren,anderen
adnerer,anderer
adneres,anderes
adners,anders
adreß,adress
afro-amerikan,afroamerikan
afro-asiat,afroasiat
Afro-Look,Afrolook
after-shave,aftershave
aksessoir,accessoire
alkoholmißbrauch,alkoholmissbrauch
alles sonstige,alles Sonstige
alles übrige,alles Übrige
alles wichtige,alles Wichtige
allzubald,allzu bald
allzufrüh,allzu früh
allzugern,allzu gern
allzulange,allzu lange
allzuoft,allzu oft
allzusehr,allzu sehr
allzuviel,allzu viel
allzuweit,allzu weit
als nächstes,als Nächstes
altwienerisch,alt-wienerisch
amboß,amboss
an Eides Statt,an Eides statt
anbiß,anbiss
anderne,andere
angepaßt,angepasst
anglo-amerikaner,angloamerikaner
angst mach,Angst mach
anlaß,anlass
anläßlich,anlässlich
anriß,anriss
anschluß,anschluss
arbete,arbeite
arbeten,arbeiten
arbetest,arbeitest
arbetet,arbeitet
argumnet,argument
assessoir,accessoire
auf deutsch,auf Deutsch
auf du und du,auf Du und Du
aufgepaßt,aufgepasst
aufgerauht,aufgeraut
aufguß,aufguss
auflösungsprozeß,auflösungsprozess
aufrauhen,aufrauen
aufriß,aufriss
aufschluß,aufschluss
aumferksam,aufmerksam
ausfluß,ausfluss
ausguß,ausguss
ausschluß,ausschluss
ausschuß,ausschuss
auswal,auswahl
awr,war
ähndlich,ähnlich
änlich,ähnlich
ästeti,ästheti
ästhäthi,ästheti
ästhäti,ästheti
ästhethi,ästheti
bakn,bank
bankrott gehen,bankrottgehen
baroneß,baroness
baßgeige,bassgeige
baukostenzuschuß,baukostenzuschuss
bänderriß,bänderriss
beeinfluß,beeinfluss
beerits,bereits
befaßt,befasst
befor,bevor
begrüßungskuß,begrüßungskuss
behende,behände
behendigkeit,behändigkeit
beisammensein,beisammen sein
beischluß,beischluss
bekant,bekannt
bekante,bekannte
bekanter,bekannter
bekantes,bekanntes
belästignug,belästigung
belätsig,belästig
bereis,bereits
bescämen,beschämen
bescherde,beschwerde
beschluß,beschluss
beschuß,beschuss
bevorschuß,bevorschuss
bewußt,bewusst
bezuschuß,bezuschuss
bibliotekh,bibliothek
bibliothrk,bibliothek
bierfaß,bierfass
blaß,blass
bläßlich,blässlich
blästigung,belästigung
bluterguß,bluterguss
börsentip,börsentipp
boß,boss
brauchenicht,brauche nicht
brauchstnicht,brauchst nicht
brauchtnicht,braucht nicht
buchsabe,buchstabe
buchsabier,buchstabier
buchstbae,buchstabe
butterfaß,butterfass
büroschluß,büroschluss
cleverneß,cleverness
dabeisein,dabei sein
dachet,dachte
daheim bleiben,daheimbleiben
dampfschiffahrt,dampfschifffahrt
darfnicht,darf nicht
darfstnicht,darfst nicht
darmverschluß,darmverschluss
dasein,da sein
daselbe,dasselbe
daß,dass
datein,dateien
dei,die
deis,dies
deiser,dieser
dekne,denke
deknst,denkst
delikateß,delikatess
denkprozeß,denkprozess
dersselbe,derselbe
des langen und breiten,des Langen und Breiten
dessenungeachtet,dessen ungeachtet
diesre,dieser
diesselbe,dieselbe
dirr,dir
dise,diese
disees,dieses
diser,dieser
dnak,dank
dnake,danke
dockument,dokument
dokkument,dokument
dokumnet,dokument
doppelpaß,doppelpass
draufsein,drauf sein
dre,der
dreß,dress
drinsein,drin sein
dritte Welt,Dritte Welt
dsa,das
dubist,du bist
durchfluß,durchfluss
durchlaß,durchlass
durchnumerieren,durchnummerieren
durchschuß,durchschuss
ebensogut,ebenso gut
ebensosehr,ebenso sehr
ebensoviel,ebenso viel
ebensowenig,ebenso wenig
edr,der
ehielt,erhielt
einbleuen,einbläuen
einfluß,einfluss
einlaß,einlass
einriß,einriss
einschluß,einschluss
einschuß,einschuss
einsendeschluß,einsendeschluss
eisenguß,eisenguss
emfang,empfang
emfehl,empfehl
empfelen,empfehlen
empfelhen,empfehlen
energiebewußt,energiebewusst
engpaß,engpass
enige,einige
eniges,einiges
enldich,endlich
entschluß,entschluss
entspechen,entsprechen
entwd,entwed
entwedr,entweder
entwicklug,entwicklung
entwicklungsprozeß,entwicklungsprozess
enwick,entwick
enwicklung,entwicklung
erblaß,erblass
erdnuß,erdnuss
ereichen,erreichen
ereicht,erreicht
erfaß,erfass
erflg,erfolg
erguß,erguss
erhalen,erhalten
erhaltn,erhalten
erhlaten,erhalten
erhlt,erhalt
eriner,erinner
erkennn,erkennen
erknenn,erkenn
erlaß,erlass
ermeß,ermess
erpreß,erpress
erstemal,erste Mal
erstenmal,ersten Mal
erstkläßler,erstklässler
erts,erst
eßbar,essbar
eßbesteck,essbesteck
eßecke,essecke
eßlöffel,esslöffel
estetisch,ästhetisch
esthethisch,ästhetisch
esthetisch,ästhetisch
etlichemal,etliche Mal
exportüberschuß,exportüberschuss
expreß,express
exzeß,exzess
fachausschuß,fachausschuss
fairneß,fairness
familienanschluß,familienanschluss
fandn,fanden
fandung,fahnung
faß,fass
faxanschluß,faxanschluss
fäösch,fälsch
fäßchen,fässchen
fehlpaß,fehlpass
fehlschuß,fehlschuss
fertigungsprozeß,fertigungsprozess
fiden,finden
findn,finden
firna,firma
firnen,firmen
fitneß,fitness
flachschuß,flachschuss
fluß,fluss
flüß,flüss
fnad,fand
fnaden,fanden
fnadst,fandst
fnester,fenster
fogle,folge
folgn,folgen
folgnd,folgend
follgen,folgen
forfall,vorfall
fönen,föhnen
fraeg,frage
fragn,fragen
fraktionsausschuß,fraktionsausschuss
fraktionsbeschluß,fraktionsbeschluss
freß,fress
freudne,freunde
freundinen,freundinnen
friedensschluß,friedensschluss
frima,firma
frimen,firmen
fritier,frittier
fsat,fast
für alt und jung,für Alt und Jung
für groß und klein,für Groß und Klein
für jung und alt,für Jung und Alt
garanti,garantie
garantire,garantiere
garrantie,garantie
gärungsprozeß,gärungsprozess
gäßchen,gässchen
gechichte,geschichte
gecshichte,geschichte
gefar,gefahr
gefaßt,gefasst
gehaßt,gehasst
gehn,gehen
gehts,geht’s
geidcht,gedicht
gelegenhet,gelegenheit
gelgenheit,gelegenheit
gemse,gämse
gemußt,gemusst
genausogut,genauso gut
genausowenig,genauso wenig
genäßt,genässt
genoß,genoss
genuß,genuss
genüß,genüss
gepaßt,gepasst
gepraßt,geprasst
gepreßt,gepresst
geradde,gerade
gerichtsbeschluß,gerichtsbeschluss
geruchsverschluß,geruchsverschluss
geschäftsschluß,geschäftsschluss
geschichtne,geschichten
geschichtsbewußt,geschichtsbewusst
geschmak,geschmack
geshichte,geschichte
gestreßt,gestresst
gewiß,gewiss
gewußt,gewusst
ghe,gehe
ghen,gehen
ghest,gehst
ghet,geht
gibts,gibt’s
glaben,glauben
glaubn,glauben
gleich und gleich,Gleich und Gleich
gleisanschluß,gleisanschluss
gnadenerlaß,gnadenerlass
gnaz,ganz
gräßlich,grässlich
grenzfluß,grenzfluss
greuel,gräuel
greulich,gräulich
griffest,grifffest
gschehen,geschehen
guß,guss
habenicht,habe nicht
habn,haben
haett,hatte
handkuß,handkuss
haselnuß,haselnuss
haß,hass
hastnicht,hast nicht
hatnicht,hat nicht
hauptschulabschluß,hauptschulabschluss
haushaltsausschuß,haushaltsausschuss
häß,häss
heavy metal,Heavy Metal
heilungsprozeß,heilungsprozess
heißlaufen,heiß laufen
heisst,heißt
heransein,heran sein
heraussein,heraus sein
heringsfaß,heringsfass
hersein,her sein
herumsein,herum sein
heruntersein,herunter sein
hexenschuß,hexenschuss
hiersein,hier sein
high society,High Society
high-society,High Society
hinaussein,hinaus sein
hinsein,hin sein
hinterhersein,hinterher sein
hinübersein,hinüber sein
hochgenuß,hochgenuss
hochschulabschluß,hochschulabschluss
hoffendlich,hoffentlich
hofhalten,Hof halten
hosteß,hostess
hst,hast
hypotek,hypothek
I-Punkt,i-Punkt
I-Tüpfelchen,i-Tüpfelchen
ide,die
Ide,Die
ien,ein
iene,eine
ienes,eines
ienige,einige
ieniges,einiges
ieronie,ironie
ieronisch,ironisch
Ihc,Ich
ihc,ich
im allgemeinen,im Allgemeinen
im besonderen,im Besonderen
im dunkeln,im Dunkeln
im einzelnen,im Einzelnen
im großen und ganzen,im Großen und Ganzen
im nachhinein,im Nachhinein
im übrigen,im Übrigen
im voraus,im Voraus
im vorhinein,im Vorhinein
im wesentlichen,im Wesentlichen
imbiß,imbiss
imer,immer
impfpaß,impfpass
in betreff,in Betreff
in bezug,in Bezug
indizienprozeß,indizienprozess
informationsfluß,informationsfluss
innesein,inne sein
intellegen,intelligen
interprät,interpret
intrieg,intrig
intrife,intrige
irged,irgend
irgend etwas,irgendetwas
irgend jemand,irgendjemand
jagdschloß,jagdschloss
jahresabschluß,jahresabschluss
jare,jahre
jauchefaß,jauchefass
jäheit,jähheit
jedesmal,jedes Mal
jettz,jetzt
jezt,jetzt
jhar,jahr
joint-venture,Joint Venture
kabelanschluß,kabelanschluss
kabinettsbeschluß,kabinettsbeschluss
kalorienbewußt,kalorienbewusst
kalrer,klarer
kameraverschluß,kameraverschluss
kan,kann
kannicht,kann nicht
kannnicht,kann nicht
kanonenschuß,kanonenschuss
kapselriß,kapselriss
karamel,karamell
känguruh,känguru
keß,kess
kiene,keine
kienes,keines
kiense,keines
kindesmißhandlung,kindesmisshandlung
klassenbewußt,klassenbewusst
klassenhaß,klassenhass
klatschnaß,klatschnass
klettverschluß,klettverschluss
klin,klein
klint,klingt
klitschnaß,klitschnass
klnnen,können
klr,klar
kna,kann
koloß,koloss
kombinationsschloß,kombinationsschloss
komissar,kommissar
komission,kommission
komite,komitee
komittee,komitee
kommiß,kommiss
kommitee,komitee
kommittee,komitee
kompaß,kompass
kompreß,kompress
kompromiß,kompromiss
komteß,komtess
komunizier,kommunizier
konferenzbeschluß,konferenzbeschluss
kongreß,kongress
konte,konnte
kontrabaß,kontrabass
koonte,konnte
kopei,kopie
koperation,kooperation
koperier,kooperier
kopfschuß,kopfschuss
koppelschloß,koppelschloss
königsschloß,königsschloss
könte,könnte
krank schreiben,krankschreiben
kraß,krass
kreiselkompaß,kreiselkompass
kriminalprozeß,kriminalprozess
kroß,kross
kullisse,kulisse
kurzpaß,kurzpass
kurzschluß,kurzschluss
kuß,kuss
küßchen,küsschen
küße,küsse
küßt,küsst
labaratorium,laboratorium
labarier,laborier
labbor,labor
labohratorium,laboratorium
ladenschluß,ladenschluss
langstengelig,langstängelig
lattenschuß,lattenschuss
laufpaß,laufpass
läßlich,lässlich
läßt,lässt
lebensgenuß,lebensgenuss
leberabszeß,leberabszess
lebn,leben
leichenblaß,leichenblass
leid tun,leidtun
leistnug,leistung
leistug,leistung
leisung,leistung
lenkradschloß,lenkradschloss
lernprozeß,lernprozess
lestung,leistung
letztenmal,letzten Mal
letztesmal,letztes Mal
libe,liebe
lichtmeß,lichtmess
liebenlernen,lieben lernen
liestung,leistung
lizentz,lizenz
love-story,lovestory
luftschiffahrt,luftschifffahrt
luftschloß,luftschloss
macen,machen
machn,machen
macst,machst
mact,macht
macte,machte
magistratsbeschluß,magistratsbeschluss
magts,magst
marschkompaß,marschkompass
maschineschreiben,Maschine schreiben
Maschineschreiben,Maschine schreiben
mathemaitk,mathematik
mathematikk,mathematik
mathemetik,mathematik
mathrmati,mathemati
mattemati,mathemati
mehrheitsbeschluß,mehrheitsbeschluss
meldeschluß,meldeschluss
mene,meine
meniskusriß,meniskusriss
mesnch,mensch
meß,mess
metallguß,metallguss
mga,mag
michselbst,mich selbst
milchgebiß,milchgebiss
millionenmal,Millionen Mal
milzriß,milzriss
mirselbst,mir selbst
miß,miss
mittag,Mittag
mocte,mochte
modebewußt,modebewusst
mop,mopp
mordprozeß,mordprozess
möcht,möchte
mti,mit
muskatnuß,muskatnuss
muskelriß,muskelriss
muß,muss
musterprozeß,musterprozess
müßte,müsste
nachlaß,nachlass
nachmittag,Nachmittag
nachschuß,nachschuss
nachste,nächste
nachster,nächster
nachstes,nächstes
nacht,Nacht
narziß,narziss
naß,nass
nationalbewußt,nationalbewusst
nationaldreß,nationaldress
nähmlich,nämlich
nätig,nötig
nciht,nicht
nebelschluß,nebelschluss
nebenanschluß,nebenanschluss
nebenfluß,nebenfluss
nehmem,nehmen
nemen,nehmen
netzanschluß,netzanschluss
nicht im geringsten,nicht im Geringsten
nichtseßhaft,nichtsesshaft
nihcte,nichte
nimst,nimmst
nltig,nötig
not tun,nottun
nörigung,nötigung
numerier,nummerier
nunner,nummer
nurr,nur
nuß,nuss
o. ä.,o. Ä.
o.ä.,o. Ä.
oaky,okay
oder ähnliches,oder Ähnliches
ofenbar,offenbar
ofensichtlich,offensichtlich
offensicgtlich,offensichtlich
offensichylich,offensichtlich
ölmeßstab,ölmessstab
parlamentsbeschluß,parlamentsbeschluss
parteikongreß,parteikongress
parteitagsbeschluß,parteitagsbeschluss
paß,pass
patschnaß,patschnass
pber,über
pferdegebiß,pferdegebiss
pflichtbewußt,pflichtbewusst
pfostenschuß,pfostenschuss
piknick,picknick
piknik,picknick
pistolenschuß,pistolenschuss
pitschnaß,pitschnass
plazier,platzier
pleite gehen,pleitegehen
porblem,problem
porzelan,porzellan
porzellam,porzellan
porzellna,porzellan
potzellan,porzellan
praßt,prasst
preisbewußt,preisbewusst
preisnachlaß,preisnachlass
preß,press
prinzeß,prinzess
prioität,priorität
priorität,priorität
probefahren,Probe fahren
problembewußt,problembewusst
problen,problem
produktionsprozeß,produktionsprozess
progreß,progress
prozellan,porzellan
prozeß,prozess
psycgolog,psycholog
pudelnaß,pudelnass
pulverfaß,pulverfass
qualitätsbewußt,qualitätsbewusst
quartalsabschluß,quartalsabschluss
quellfluß,quellfluss
quentchen,quäntchen
querpaß,querpass
radfahren,Rad fahren
radschlagen,Rad schlagen
raßle,rassle
ratsbeschluß,ratsbeschluss
ratschluß,ratschluss
rauchfaß,rauchfass
rauh,rau
rauhbein,raubein
rauhfaser,raufaser
rauhfrost,raufrost
rauhhaar,rauhaar
rauhnacht,raunacht
rauhnächte,raunächte
rauhputz,rauputz
rauhreif,raureif
rausschmiß,rausschmiss
rechnug,rechnung
redaktionsschluß,redaktionsschluss
regenguß,regenguss
regennaß,regennass
regreß,regress
reifungsprozeß,reifungsprozess
reisepaß,reisepass
Reißverschluß,Reißverschluss
rekrod,rekord
reschenpaß,Reschenpass
rethori,rhetori
rezeß,rezess
rhytmus,rhythmus
richtugn,richtung
riß,riss
roheit,rohheit
roß,ross
ruhegenuß,ruhegenuss
runderlaß,runderlass
rückfluß,rückfluss
rückpaß,rückpass
rückschluß,rückschluss
rythm,rhythm
rytmus,rhythmus
sachem,sachen
sahce,sache
saisonschluß,saisonschluss
salutschuß,salutschuss
salzfaß,salzfass
samenerguß,samenerguss
sammelanschluß,sammelanschluss
satt habe,satthabe
satt hast,satthast
satt hat,satthat
satt sehen,sattsehen
schalterschluß,schalterschluss
schauprozeß,schauprozess
schätzenlernen,schätzen lernen
scheidungsprozeß,scheidungsprozess
schlachtroß,schlachtross
Schloß,schloss
Schluß,schluss
schmiß,schmiss
schnappschloß,schnappschloss
schnappschuß,schnappschuss
schneewächte,schneewechte
schnellebig,schnelllebig
schnellimbiß,schnellimbiss
schnellschuß,schnellschuss
schneuz,schnäuz
schokoladenguß,schokoladenguss
schonn,schon
schraubverschluß,schraubverschluss
schrebe,schreibe
schrebst,schreibst
schreckensblaß,schreckensblass
schreckschuß,schreckschuss
schreibn,schreiben
schriben,schreiben
schrotschuß,schrotschuss
schulabschluß,schulabschluss
schuld haben,Schuld haben
schuldbewußt,schuldbewusst
schuldenerlaß,schuldenerlass
schuldig sprechen,schuldigsprechen
schulschluß,schulschluss
schulstreß,schulstress
schulterschluß,schulterschluss
schuß,schuss
scon,schon
seckretari,sekretari
seckretär,sekretär
seinse,seines
sekretätin,sekretärin
selbstbewußt,selbstbewusst
selbstschuß,selbstschuss
senatsbeschluß,senatsbeschluss
sendeschluß,sendeschluss
sendungsbewußt,sendungsbewusst
sensationsprozeß,sensationsprozess
seperat,separat
serh,sehr
seßhaft,sesshaft
seteht,steht
showbusineß,showbusiness
sicherheitsschloß,sicherheitsschloss
sicherheitsverschluß,sicherheitsverschluss
siegesbewußt,siegesbewusst
siegesgewiß,siegesgewiss
sien,sein
siene,seine
sienem,seinem
sienes,seines
sioe,sie
skipaß,skipass
slebst,selbst
solte,sollte
solten,sollten
soltest,solltest
sommerschluß,sommerschluss
soviel,so viel
sowjetrußland,Sowjetrussland
sparch,sprach
spazierenfahren,spazieren fahren
spazierengehen,spazieren gehen
speichelfluß,speichelfluss
spircht,spricht
spliß,spliss
sportdreß,sportdress
sprechn,sprechen
sprischt,sprichst
spritzguß,spritzguss
sproß,spross
spröß,spröss
stahlroß,stahlross
standesbewußt,standesbewusst
startschuß,startschuss
stärkke,stärke
steckschuß,steckschuss
steen,stehen
stehimbiß,stehimbiss
stengel,stängel
steptanz,stepptanz
steuererlaß,steuererlass
stewardeß,stewardess
stillegen,stilllegen
stillegung,stilllegung
stpo,stop
straferlaß,straferlass
strafprozeß,strafprozess
streifschuß,streifschuss
streitroß,streitross
streß,stress
sünonüm,synonym
sünonym,synonym
synonüm,synonym
t-bone-steak,T-Bone-Steak
tablettenmißbrauch,tablettenmissbrauch
tankschloß,tankschloss
tarifabschluß,tarifabschluss
täßchen,tässchen
täusvh,täusch
teerfaß,teerfass
tintenfaß,tintenfass
tirnke,trinke
tirnkst,trinkst
tnu,tun
todblaß,todblass
todesschuß,todesschuss
tolpatsch,tollpatsch
torschluß,torschluss
torschuß,torschuss
totenblaß,totenblass
traditionsbewußt,traditionsbewusst
tränenfluß,tränenfluss
tränennaß,tränennass
triefnaß,triefnass
trinkn,trinken
trint,trinkt
tropfnaß,tropfnass
troß,tross
trugschluß,trugschluss
türschloß,türschloss
u. ä.,u. Ä.
u.ä.,u. Ä.
udn,und
umbedingt,unbedingt
umdenkprozeß,umdenkprozess
umriß,umriss
umschichtungsprozeß,umschichtungsprozess
umschluß,umschluss
umstellungsprozeß,umstellungsprozess
umwandlungsprozeß,umwandlungsprozess
umwelteinfluß,umwelteinfluss
unabhägnig,unabhängig
unabhängigket,unabhängigkeit
unahangigkeit,unabhängigkeit
unangepaßt,unangepasst
unbdingt,unbedingt
unbedinkt,unbedingt
unbedint,unbedingt
unbeeinfluß,unbeeinfluss
unbewußt,unbewusst
und ähnliches,und Ähnliches
unddas,und das
undder,und der
unddie,und die
unerläßlich,unerlässlich
unermeßlich,unermesslich
unfairneß,unfairness
unfaßbar,unfassbar
unfaßlich,unfasslich
ungewiß,ungewiss
unmißverständlich,unmissverständlich
unpäßlich,unpässlich
unplaziert,unplatziert
unrechtsbewußt,unrechtsbewusst
unrerbringen,unterbringen
unterbewußt,unterbewusst
unterbingen,unterbringen
unterbingung,unterbringung
unterbrign,unterbring
unterderhand,unter der Hand
unterlaß,unterlass
untersuchungsausschuß,untersuchungsausschuss
unvergeßlich,unvergesslich
unzähligemal,unzählige Mal
unzufriden,unzufrieden
usner,unser
überbiß,überbiss
überdruß,überdruss
überfluß,überfluss
überguß,überguss
überschuß,überschuss
überschwenglich,überschwänglich
übertreibn,übertreiben
ühnlich,ähnlich
veilleicht,vielleicht
veranlaßt,veranlasst
verantwortungsbewußt,verantwortungsbewusst
verbiß,verbiss
verblaßt,verblasst
verdroß,verdross
verdruß,verdruss
verfaßt,verfasst
vergeß,vergess
vergiß,vergiss
verhaßt,verhasst
verlaß,verlass
verläß,verläss
vermiß,vermiss
verpaß,verpass
verpraßt,verprasst
verriß,verriss
versamel,versammel
versamlung,versammlung
verschiedenemal,verschiedene Mal
verschluß,verschluss
versino,version
versorgungsengpaß,versorgungsengpass
vertragsabschluß,vertragsabschluss
vertragsschluß,vertragsschluss
vieleicht,vielleicht
vno,von
vorang,vorrang
vorfal,vorfall
vorgefaßt,vorgefasst
vorhängeschloß,vorhängeschloss
vorlegeschloß,vorlegeschloss
vormittag,Vormittag
vorschuß,vorschuss
vorvall,vorfall
vro,vor
vuchstab,buchstab
wachesn,wachsen
wachsabguß,wachsabguss
wahlausschuß,wahlausschuss
walkie-talkie,Walkie-Talkie
walnuß,walnuss
walroß,walross
wandlungsprozeß,wandlungsprozess
warnschuß,warnschuss
wasist,was ist
wäßrig,wässrig
wechle,welche
wechler,welcher
wechles,welches
wedre,werde
wedren,werden
wehnig,wenig
wei,wie
weider,wieder
weinfaß,weinfass
Weißrußland,Weißrussland
weisst,weißt
weng,wenig
wenge,wenige
wge,weg
widergab,wiedergab
widergeb,wiedergeb
wiederspieg,widerspieg
wießt,weißt
wieviel,wie viel
wiklich,wirklich
wilst,willst
winterschlußverkauf,winterschlussverkauf
wirds,wird’s
wißbegier,wissbegier
wissn,wissen
wißt,wisst
witterungseinfluß,witterungseinfluss
wolen,wollen
wolltn,wollten
wolte,wollte
wolten,wollten
woltest,wolltest
woolten,wollten
wra,war
wre,wer
wri,wir
wriklich,wirklich
wriklih,wirklich
wrot,wort
wüdre,würde
wüdren,würden
würdst,würdest
wüßten,wüssten
wußtest,wusstest
zahlenschloß,zahlenschloss
zäheit,zähheit
zeigem,zeigen
zersetzungsprozeß,zersetzungsprozess
zeti,zeit
zielbewußt,zielbewusst
zippverschluß,zippverschluss
zirkelschluß,zirkelschluss
zite,zeit
zivilprozeß,zivilprozess
zufluß,zufluss
zugepreßt,zugepresst
zugute halten,zugutehalten
zugute kommen,zugutekommen
zuhärer,zuhörer
zuhschaue,zuschaue
zulande,zu Lande
zungenkuß,zungenkuss
zunichte machen,zunichtemachen
zuruck,zurück
zusammenfluß,zusammenfluss
zusammengefaßt,zusammengefasst
zusammengepaßt,zusammengepasst
zusammengepreßt,zusammengepresst
zusammenschluß,zusammenschluss
zusammensein,zusammen sein
zuschuß,zuschuss
zusein,zu sein
zuteil werden,zuteilwerden
zuviel,zu viel
zuwenig,zu wenig
zündschloß,zündschloss
zürück,zurück
zweitkläßler,zweitklässler
