AirAsia,AirAsia
AirDrop,AirDrop
AirPlay,AirPlay
AirPod,AirPod
AppleScript,AppleScript
AppleShare,AppleShare
AppleTV,Apple TV
AppleWorks,AppleWorks
BitTorrent,BitTorrent
CarPlay,CarPlay
ChronoSync,ChronoSync
CinemaScope,CinemaScope
ClarisWorks,ClarisWorks
DEVONthink,DEVONthink
DivX,DivX
DreamWorks,DreamWorks
Dropbox,Dropbox
eBay,eBay
Evernote,Evernote
Facebook,Facebook
FaceTime,FaceTime
FedEx,FedEx
FileMaker,FileMaker
FileVault,FileVault
FireWire,FireWire
Font Book,Font Book
GarageBand,GarageBand
GeoGebra,GeoGebra
GitHub,GitHub
HomeKit,HomeKit
HyperCard,HyperCard
iBooks,iBooks
iCloud,iCloud
iKey,iKey
iMac,iMac
iMovie,iMovie
InDesign,InDesign
iOS,iOS
iPad,iPad
iPhone,iPhone
iPhoto,iPhoto
iPod,iPod
iSight,iSight
iThoughtsX,iThoughtsX
iTunes,iTunes
iWork,iWork
JavaScript,JavaScript
JetBrains,JetBrains
Key Cue,KeyCue
KeyCue,KeyCue
Lastpass,LastPass
LaunchBar,LaunchBar
Launchpad,Launchpad
LinkedIn,LinkedIn
MacBook,MacBook
macOS,macOS
MacOS9,Mac OS 9
MacOSX,Mac OS X
MacUpdate,MacUpdate
Macworld,Macworld
Mailbutler,Mailbutler
MarsEdit,MarsEdit
MasterCard,MasterCard
McAfee,McAfee
McDonald,McDonald
MySQL,MySQL
NeoOffice,NeoOffice
NutraSweet,NutraSweet
OmniFocus,OmniFocus
OmniGraffle,OmniGraffle
OmniOutliner,OmniOutliner
OmniPlan,OmniPlan
Omniweb,OmniWeb
OneDrive,OneDrive
OpenCL,OpenCL
OpenGL,OpenGL
OpenOffice,OpenOffice
OpenType,OpenType
PageMaker,PageMaker
PanAm,PanAm
PayPal,PayPal
Photoshop,Photoshop
PlaySkool,PlaySkool
PlayStation,PlayStation
Pop Char,PopChar
PopChar,PopChar
PostScript,PostScript
PowerPoint,PowerPoint
QuarkXPress,QuarkXPress
QuickDraw,QuickDraw
QuicKeys,QuicKeys
QuickKeys,QuicKeys
QuickTime,QuickTime
SanDisk,SanDisk
SQLite,SQLite
SQLLite,SQLite
StuffIt,StuffIt
TextEdit,TextEdit
TextExpander,TextExpander
TextMate,TextMate
TextWrangler,TextWrangler
ThinApp,ThinApp
Thunderbolt,Thunderbolt
TomTom,TomTom
TrueType,TrueType
TypeIt4Me,TypeIt4Me
Typenator,Typinator
VirtualBox,VirtualBox
VMware,VMware
vSphere,vSphere
WalMart,WalMart
watchOS,watchOS
WeChat,WeChat
WhatsApp,WhatsApp
WordPerfect,WordPerfect
WordPress,WordPress
Wunderlist,Wunderlist
Xcode,Xcode
YouTube,YouTube
