10-BaseT,10Base-T
10baseT,10Base-T
aand,and
abilites,abilities
abilitiy,ability
abilties,abilities
abiltities,abilities
abiltiy,ability
abilty,ability
abitlities,abilities
ablity,ability
abloished,abolished
abroptly,abruptly
absense,absence
absoloute,absolute
absolutily,absolutely
absolutly,absolutely
absract,abstract
abvoe,above
accelerat,acceleration
acceptible,acceptable
accerate,accurate
accointablity,accountability
accomadate,accommodate
accompained,accompanied
accompaned,accompanied
accompish,accomplish
accopany,accompany
accoridng,according
accountablity,accountability
accurarcy,accuracy
accustic,acoustic
achademic,academic
achinvement,achievement
achive,achieve
acidently,accidentally
acocunt,account
acomplished,accomplished
acquistion,acquisition
acsesory,accessory
actaul,actual
actiities,activities
actino,action
activy,activity
acuaracy,accuracy
acutally,actually
adaptablity,adaptability
adavances,advances
additoinal,additional
aditional,additional
admisintarated,administrated
adress,address
advantge,advantage
advatages,advantages
adventagous,advantageous
adversly,adversely
advtange,advantage
aestetics,aesthetics
afew,a few
affiars,affairs
aford,afford
afterall,after all
againsts,against
agaisnt,against
aganising,agonising
aganizing,agonizing
agianst,against
agressors,aggressors
ahd,and
ahving,having
airpoirt,airport
ajusted,adjusted
allaberate,elaborate
alleinated,alienated
allians,aliens
allliance,alliance
allready,already
alos,also
alow,allow
alread,already
alredy,already
alteraive,alternative
alternativbe,alternative
alternativly,alternatively
altrustic,altruistic
alturnative,alternative
amazaing,amazing
amazied,amazed
ambigious,ambiguous
ambigous,ambiguous
ambigueties,ambiguities
ambiguos,ambiguous
ambiguty,ambiguity
ameircan,American
amerian,American
amigdula,amygdala
amoung,among
ampiltude,amplitude
amplidute,amplitude
amplitiude,amplitude
anad,and
analaysis,analysis
analsyse,analyse
analysie,analyse
anaylsis,analysis
anchient,ancient
angualr,angular
anicent,ancient
anicnet,ancient
anismals,animals
annd,and
annoiyed,annoyed
annouces,announces
anomolies,anomalies
anomoly,anomaly
anotehr,another
anouther,another
anscient,ancient
anser,answer
antartic,antarctic
anthing,anything
antinio,Antonio
antoher,another
anway,anyway
anxety,anxiety
anxisty,anxiety
anxitey,anxiety
anxity,anxiety
anyless,any less
anylisis,analysis
anythhing,anything
anywhre,anywhere
aobut,about
aparent,apparent
apear,appear
aplied,applied
appartment,apartment
appearent,apparent
apperance,appearance
apperatus,apparatus
apperent,apparent
appliad,applied
applicatoins,applications
appoligise,apologise
apprachiated,appreciated
apprachiete,appreciate
appreachate,appreciate
appreared,appeared
approch,approach
appropirate,appropriate
appropraite,appropriate
approprate,appropriate
appropration,appropriation
approriate,appropriate
approuch,approach
approximatly,approximately
aprasial,appraisal
april,April
aquaintance,acquaintance
aquire,acquire
aquiring,acquiring
archatype,archetype
architypes,archetypes
arcitecture,architecture
arestocracies,aristocracies
arethe,are the
arguemtn,argument
arguemts,arguments
arguent,argument
aristotole,Aristotle
arithmatic,arithmetic
aritlce,article
arive,arrive
arivial,arrival
arriveal,arrival
arriveing,arriving
arround,around
artifical,artificial
artificioal,artificial
artilces,articles
artories,arteries
aruge,argue
arugment,argument
arugmetn,argument
arugues,argues
arugument,argument
arument,argument
askpects,aspects
aslo,also
asma,asthma
asperation,aspiration
asscribed,ascribed
asselent,assailant
assesment,assessment
assigined,assigned
assocates,associates
assocation,association
assoiative,associative
assoicate,associate
assoicating,associating
assoicative,associative
assumpiton,assumption
assumtions,assumptions
assuptions,assumptions
astromony,astronomy
asumpition,assumption
asumptions,assumptions
asuume,assume
asymptotially,asymptotically
atend,attend
athor,author
athroty,authority
athte,at the
atmitting,admitting
atmostpher,atmosphere
atraction,attraction
attemptt,attempt
attendent,attendant
attmitted,admitted
atttempt,attempt
atvantage,advantage
audance,audience
audtory,auditory
aurtories,arteries
authrity,authority
authroities,authorities
authroity,authority
authrotiy,authority
authroty,authority
authrty,authority
autobiograph,autobiography
autorhity,authority
autrority,authority
avaible,available
aveage,average
averge,average
avoidence,avoidance
axcident,accident
axiums,axioms
babling,babbling
backround,background
bairly,barley
bakcround,background
bandwith,bandwidth
barly,barely
basicaly,basically
bassis,basis
batallion,battalion
BBedit,BBEdit
bckround,background
beable,be able
beatiful,beautiful
beatufiul,beautiful
beause,because
becaouse,because
becase,because
becouas,because
becuae,because
beggers,beggars
begginer,beginner
beging,beginning
begns,begins
behavioursits,behaviourists
behavirousm,behaviourism
behavirsit,behaviourist
behavour,behaviour
behvirsit,behaviouristic
beilve,believe
beilvieve,believe
belieiving,believing
belive,believe
beng,being
benieth,beneath
benifet,benefit
benith,beneath
betweem,between
betwoen,between
beuracrate,bureaucrat
beuracratic,bureaucratic
beurocratic,bureaucratic
beuruo,bureau
bewtween,between
beyound,beyond
bigtgest,biggest
biologcal,biological
biotany,botany
blelieved,believed
blugening,bludgeoning
blurrs,blurs
bourgeosise,bourgeoisie
brama,Brahma
brigning,bringing
brohter,brother
brotehr,brother
btoh,both
buisness,business
buld,build
bureacrary,bureaucracy
busness,business
bwasue,because
cacasion,Caucasian
calcuated,calculated
calcuatoin,calculation
calledthis,called this
cambrige,Cambridge
campains,campaigns
cann,can
cantalope,cantaloupe
caoptialism,capitalism
capernican,Copernican
capitalsim,capitalism
capitialism,capitalism
captial,capital
carfull,careful
catagerise,categorise
cathelic,catholic
cathlic,catholic
catigorical,categorical
catigories,categories
catigorisation,categorisation
catigorise,categorise
catigorize,categorize
catigory,category
CD-Rom,CD-ROM
cds,CDs
censorhip,censorship
centery,century
centrel,central
centruy,century
centry,century
cerimony,ceremony
cermunstances,circumstances
certaily,certainly
certanty,certainty
certiainty,certainty
challage,challenge
champtionship,championship
charatcteristic,characteristic
charaterisatoin,characterisation
chistanty,Christianity
chooseng,choosing
chrisitanty,Christianity
cilestual,celestial
cinamon,cinnamon
cirlce,circle
cirle,circle
cirrecular,curricular
cirriculium,curriculum
civilaiton,civilization
civilastion,civilisation
civilation,civilization
civilaztion,civilization
civisation,civilisation
civization,civilization
civlil,civil
claass,class
classfiy,classify
cleint,client
closly,closely
clumbsy,clumsy
cluture,culture
cnetury,century
cntry,century
coccaine,cocaine
cocerns,concerns
cognitve,cognitive
cogntive,cognitive
cohernet,coherent
colective,collective
collaberation,collaboration
collaped,collapsed
collectivly,collectively
collectoin,collection
collour,colour
comaprison,comparison
combinaion,combination
combinatoin,combination
comefrom,come from
comeing,coming
coment,comment
comesinto,comes into
comjunity,community
commentray,commentary
comminity,community
commited,committed
committie,committee
commoly,commonly
commuism,communism
communalsm,communalism
communcains,communications
communcate,communicate
communcation,communication
communcaton,communication
communiciton,communication
communictive,communicative
communilism,communalism
communisim,communism
communsist,communist
comparied,compared
comparision,comparison
comparisioon,comparison
comparitive,comparative
compatence,competence
competance,competence
competative,competitive
competeing,competing
compisition,composition
compitance,competence
compitence,competence
complrete,complete
compltely,completely
compolsive,compulsive
componests,components
compostion,composition
comprehenstion,comprehension
comprehention,comprehension
compreshinsin,comprehension
compresihinsion,comprehension
comunist,communist
conceptial,conceptual
concepual,conceptual
concervative,conservative
concieve,conceive
concious,conscious
conclulded,concluded
conclusiosn,conclusions
conclusisinvly,conclusively
conclution,conclusion
concomerate,conglomerate
concpet,concept
concreate,concrete
condiotn,condition
conditon,condition
condoitn,condition
condtion,condition
conetxt,context
conficts,conflicts
confidnece,confidence
confluct,conflict
confomrity,conformity
confortable,comfortable
conisquenses,consequences
conitive,cognitive
conjusntion,conjunction
connction,connection
connecitons,connections
connexons,connexions
connnection,connection
connnexion,connexion
connxion,connexion
conplete,complete
conrolls,controls
consiqently,consequently
consiquence,consequence
consiquene,consequence
consiquenses,consequences
consiquiences,consequences
consise,concise
consistancy,consistency
consistant,consistent
consistning,consisting
consitancy,constancy
consitered,considered
constellaltion,constellation
constituants,constituents
constnat,constant
constorct,construct
constrainted,constrained
constraits,constraints
constrast,contrast
construcition,construction
constuction,construction
consturct,construct
consumming,consuming
contemproary,contemporary
conterversy,controversy
contimplates,contemplates
contimplating,contemplating
continueally,continually
continueing,continuing
continuim,continuum
continully,continually
continuted,continued
contiues,continues
contiune,continue
contridiction,contradiction
controll,control
contruct,construct
converation,conversation
conversative,conservative
convervative,conservative
convicing,convincing
coperating,cooperating
coperatoin,cooperation
corespoinding,corresponding
correctnes,correctness
correponded,corresponded
correspondene,correspondence
correspondes,correspondences
corricullum,curriculum
corrrect,correct
costums,costumes
creatoin,creation
cridical,critical
critial,critical
criticial,critical
critiea,criteria
critisism,criticism
cronicals,chronicles
cronnical,chronicle
crystilise,crystallise
crystilize,crystallize
cuase,cause
culmianting,culminating
cultrue,culture
culturlly,culturally
culure,culture
culutre,culture
culuture,culture
curriculm,curriculum
cutlure,culture
cuture,culture
cynisism,cynicism
darwianism,Darwinism
dayly,daily
debth,depth
december,December
decentrilise,decentralised
decentrilize,decentralized
decieds,decides
decies,decides
decieve,deceive
decion,decision
decleration,declaration
decribe,describe
decsion,decision
deducitve,deductive
definiton,definition
defintion,definition
deleition,deletion
delievry,delivery
delivier,deliver
delux,deluxe
demcracy,democracy
demonstarted,demonstrated
demonstating,demonstrating
depeicted,depicted
dependtant,dependant
depreived,deprived
depresion,depression
derieved,derived
descbried,described
descibe,describe
desciption,description
descrete,discrete
descrimate,discriminate
descrioptin,description
descrioptoin,description
descritpive,descriptive
descrpiton,description
desgined,designed
desperatly,desperately
despriatly,desperately
desribe,describe
destinctily,distinctly
destinctive,distinctive
destony,destiny
destory,destroy
deterimiantio,determination
deterine,determine
determanistic,deterministic
determies,determines
determinsm,determinism
detrmine,determine
devate,deviate
develoment,development
develompent,development
developetal,developmental
developmnet,development
developoment,development
devlop,develop
diarroea,diarrhoea
dicotomy,dichotomy
dicovers,discovers
dieing,dyeing
difernt,different
diffencences,differences
diffenernt,different
diffenrnt,different
diffent,different
differenciate,differentiate
differentation,differentiation
differnce,difference
differnece,difference
differnently,differently
differnet,different
difficut,difficult
diffnice,difference
diffucilt,difficult
diffuclites,difficulties
diffucltueies,difficulties
difraction,diffraction
difractoin,diffraction
dilicately,delicately
dilivered,delivered
dilog,dialog
dilogue,dialogue
dimentional,dimensional
dimond,diamond
dirctors,directors
directoins,directions
dirivative,derivative
dirreclty,directly
dirrectly,directly
disadgvage,disadvantage
disapline,discipline
disapointment,disappointment
discorse,discourse
discorvers,discovers
discorvy,discovery
discription,description
discrredits,discredits
discusscion,discussion
discussiong,discussing
discussus,discusses
disintrest,disinterest
disiple,disciple
dismis,dismiss
disoplies,disciples
disorentaion,disorientation
dispair,despair
disreagrd,disregard
dissappear,disappear
dissappoint,disappoint
distiction,distinction
distiguish,distinguish
distinc,distinct
distingiueshed,distinguished
distingush,distinguish
distored,distorted
distorion,distortion
disucss,discuss
divise,devise
doenst,doesn't
dolfins,dolphins
domanance,dominance
dommination,domination
domniated,dominated
doucment,document
dresssed,dressed
eacdh,each
eachother,each other
eariler,earlier
Earthlink,EarthLink
easilty,easily
econimic,economic
econmoic,economic
edocrine,endocrine
eduaciotn,education
eduaion,education
educatoin,education
eductional,educational
effectivly,effectively
efffects,effects
efficany,efficacy
efficent,efficient
eitehr,either
elaberated,elaborated
elaped,elapsed
elavation,elevation
eleberate,elaborate
elegent,elegant
eleiquetnly,eloquently
elemetns,elements
eletist,elitist
eliete,elite
elietism,elitism
eliquant,eloquent
eliticst,elitist
emagine,imagine
embriologiest,embryologist
embriology,embryology
emoitions,emotions
empericism,empiricism
empericists,empiricists
emperistist,empiricist
emperists,empiricists
emphisis,emphasis
empirecal,empirical
empireisist,empiricist
empiriscism,empiricism
empirisist,empiricist
encoperated,incorporated
encorperated,incorporated
encourging,encouraging
encoutner,encounter
endoctranated,indoctrinated
enherently,inherently
enland,England
enogh,enough
enoht,enough
enormas,enormous
enquary,enquiry
enspiring,inspiring
enterpratation,interpretation
enterpration,interpretation
enterpratitaion,interpretation
entertianent,entertainment
entirly,entirely
enviorment,environment
enviornment,environment
envirnment,environment
epistomology,epistemology
equanted,acquainted
equatoin,equation
equiped,equipped
equla,equal
eritable,irritable
eroneous,erroneous
eror,error
errected,erected
errror,error
esape,escape
esentally,essentially
essance,essence
establishemnt,establishment
esteme,esteem
ethernet,Ethernet
etiher,either
evalute,evaluate
eventaully,eventually
everthing,everything
everyting,everything
evidnece,evidence
evnets,events
evoltionary,evolutionary
evoluion,evolution
evoluiotn,evolution
evolutanry,evolutionary
evolutin,evolution
evolutioary,evolutionary
evolutoin,evolution
evolutuionary,evolutionary
evoutoinary,evolutionary
evvidence,evidence
exaclty,exactly
exadurated,exaggerated
exadurations,exaggerations
exagerate,exaggerate
exaguation,exaggeration
examinatoin,examination
examing,examining
examinle,examine
exampes,examples
exaple,example
exaplles,examples
exapmple,example
exaturations,exaggerations
exausted,exhausted
excelence,excellence
excelent,excellent
excelet,excellent
excibit,exhibit
excpet,except
exectly,exactly
exemined,examined
exeriemtnal,experimental
exeriences,experiences
exerpeince,experience
exerpience,experience
exhange,exchange
exibits,exhibits
exicuting,executing
existaence,existence
existance,existence
existince,existence
existnece,existence
exlain,explain
exmained,examined
expain,explain
expalin,explain
expectionations,expectations
expectition,expectation
expereices,experience
expereince,experience
experement,experiment
experice,experience
experiece,experience
experiecne,experience
experiement,experiment
experiemtal,experimental
experiemtn,experiment
experiene,experience
experient,experiment
experietns,experiments
experimenal,experimental
experimetal,experimental
experimetn,experiment
experimnatal,experimental
experimtal,experimental
experince,experience
experinece,experience
experinemtal,experimental
experinmental,experimental
experirences,experiences
experitmental,experimental
explainatinos,explanations
explaitn,explain
explanaiton,explanation
explanitions,explanations
explian,explain
exploratoin,exploration
explorination,exploration
explotatoin,exploitation
expresion,expression
expresson,expression
expsure,exposure
exptertly,expertly
exraordinary,extraordinary
exsplained,explained
extened,extended
extensivly,extensively
extention,extension
exterial,external
extinciton,extinction
extratopin,extrapolation
facuilties,faculties
falure,failure
familiair,familiar
familier,familiar
fasinate,fascinate
fateaged,fatigued
february,February
Febuary,February
femaile,female
femanine,feminine
fequency,frequency
fertilser,fertiliser
fertilzer,fertilizer
fictisuosh,fictitious
figue,figure
figureing,figuring
finacyal,financial
finnally,finally
finnaly,finally
fittend,fitted
fiugre,figure
flucuated,fluctuated
fmpro,FileMaker Pro
foerces,forces
fondation,foundation
forboding,foreboding
forclosure,foreclosure
forgien,foreign
formatoin,formation
formeerly,formerly
forshadowed,foreshadowed
fossle,fossil
foundatoin,foundation
fractio,fraction
fragil,fragile
framwork,framework
frctional,fictional
fredian,Freudian
Freehand,FreeHand
frequences,frequencies
frequencey,frequency
frequetnly,frequently
freudan,Freudian
frictinal,frictional
frictoin,friction
friday,Friday
frustruation,frustration
funciton,function
functin,function
fundametnal,fundamental
fundementals,fundamentals
fundimental,fundamental
fundimetally,fundamentally
furhter,further
furnance,furnace
futher,further
futhur,further
ganddi,Gandhi
gandi,Gandhi
ganlet,gantlet
gaunlet,gauntlet
Gb,GB
geatest,greatest
generalasation,generalisation
generalazation,generalization
generalisatoin,generalisation
generalistion,generalisation
generalizatoin,generalization
generaliztion,generalization
generilise,generalise
generilize,generalize
generlise,generalise
generlize,generalize
generlly,generally
genetially,genetically
genious,genius
genral,general
genration,generation
genreal,general
genreral,general
gentelmen,gentlemen
geometic,geometric
gestlat,gestalt
gestlt,gestalt
getinto,get into
gettnig,getting
govermetn,government
governace,governance
govrnment,government
govt,government
gradualy,gradually
gramatical,grammatical
gramitical,grammatical
grammer,grammar
graveity,gravity
greatist,greatest
greeeks,greeks
greive,grieve
growthof,growth of
haadent,hadn't
hahve,have
haivng,having
hampored,hampered
hankerchief,handkerchief
hapier,happier
happended,happened
happyness,happiness
heighth,height
heristically,heuristically
hesitatoins,hesitations
hierachy,hierarchy
higest,highest
higlight,highlight
himsellf,himself
hinderence,hindrance
hipocrisy,hypocrisy
hippocraties,Hippocrates
histirical,historical
historcal,historical
histrical,historical
histroical,historical
histrorical,historical
histroy,history
hm,him
homogentity,homogeneity
hower,however
hsa,has
hsince,since
hstorical,historical
htat,that
hthat,that
hunduism,Hinduism
huristic,heuristic
hury,hurry
hve,have
hving,having
hygene,hygiene
hypotetical,hypothetical
hypothalmus,hypothalamus
hypothosis,hypothesis
i'd,I'd
i'm,I'm
i've,I've
idd,did
identifcation,identification
identificatoin,identification
identiftion,identification
idividual,individual
idivual,individual
idnetify,identify
iintelligence,intelligence
ililegal,illegal
illigal,illegal
illistrate,illustrate
illistrating,illustrating
illistration,illustration
illsusion,illusion
illumating,illuminating
ilteletucal,intellectual
ilumated,illuminated
imaes,images
imaginatoin,imagination
imagnative,imaginative
imbarisment,embarrassment
imbed,embed
imbrace,embrace
imedately,immediately
imorral,immoral
imparaitive,imperative
imparaitve,imperative
imparative,imperative
imparitive,imperative
impercise,imprecise
implicatoin,implication
implicelty,implicitly
implicetly,implicitly
imporant,important
importnace,importance
importnt,important
imposible,impossible
impossilbe,impossible
inablity,inability
inappropate,inappropriate
inapproprate,inappropriate
inapprorate,inappropriate
inapprorpate,inappropriate
incedentally,incidentally
incldud,included
inclduing,including
inclinatins,inclinations
incomeing,incoming
incomming,incoming
inconprehensible,incomprehensible
inconsistancies,inconsistencies
inconsistancy,inconsistency
incorperate,incorporate
incorperating,incorporating
incounter,encounter
incrase,increase
increadible,incredible
increaed,increased
increaseing,increasing
incremeted,incremented
Inda,India
indcluding,including
indcution,induction
indenpendece,independence
indentify,identify
indepedence,independence
indepednce,independence
independece,independence
independet,independent
independtely,independently
indepetndent,independent
inderect,indirect
inderstanding,understanding
indespensable,indispensable
indevours,endeavours
india,India
indiuval,individual
indiuvla,individual
indiuvuals,individuals
indivail,individual
indivduals,individuals
indivials,individuals
indiviual,individual
indiviudal,individual
indivual,individual
indivudal,individual
indivudual,individual
indivulas,individuals
indluding,including
indocritatned,indoctrinated
indpendent,independent
indtroductory,introductory
induldences,indulgences
industral,industrial
industural,industrial
induvaluals,individuals
induvuals,individuals
infenate,infinite
infinate,infinite
infinged,infringed
infinte,infinite
infinty,infinity
influced,influenced
influcend,influenced
influenctial,influential
influnce,influence
inforamtion,information
inforation,information
infrastrucutre,infrastructure
infultrate,infiltrate
ingrowsed,engrossed
inhance,enhance
inheartly,inherently
inherintly,inherently
inida,India
initailly,initially
initiavies,initiatives
inlightening,enlightening
inmy,in my
innferior,inferior
inperative,imperative
inperfect,imperfect
inplicatly,implicitly
inportant,important
inportnat,important
inquary,inquiry
insecrity,insecurity
insecurty,insecurity
insitution,institution
instalation,installation
instancew,instance
institions,institution
institiutions,institutions
instituions,institutions
instituiton,institution
instituon,institution
instriments,instruments
instrumets,instruments
instutions,institutions
insufficent,insufficient
integratoin,integration
intelectual,intellectual
intelecutal,intellectual
intelegence,intelligence
intelegent,intelligent
intelegnece,intelligence
intelengece,intelligence
intelengence,intelligence
intelitcaully,intellectually
intellignece,intelligence
intenese,intense
intenetions,intentions
intensivly,intensively
intepretations,interpretations
intermision,intermission
internatisation,internalisation
internatization,internalization
internet,Internet
interpersional,interpersonal
interpiration,interpretation
interpratation,interpretation
interpratioan,interpretation
interpration,interpretation
interpratoin,interpretation
interpreate,interpret
interpreating,interpreting
interpreation,interpretation
interpretaion,interpretation
interpretaoin,interpretation
interpretatio,interpretation
interpretatoin,interpretation
interprete,interpret
interpriation,interpretation
interpriatoin,interpretation
interprietaoin,interpretation
interpritaiton,interpretation
interpritation,interpretation
interpritatoin,interpretation
interpritaton,interpretation
interpriting,interpreting
interrpitaion,interpretation
intersing,interesting
intersitng,interesting
interst,interest
intesne,intense
intially,initially
intimatly,intimately
intonatoins,intonations
intregeing,intriguing
introvertive,introversive
intuitve,intuitive
investication,investigation
invetnion,invention
invomved,involved
invoved,involved
iqs,IQs
iresistible,irresistible
irrelavent,irrelevant
isolatoin,isolation
isoliation,isolation
isolition,isolation
issolated,isolated
itslef,itself
ivs,IVs
january,January
japanies,Japanese
jeporty,jeopardy
jewlery,jewellery
judement,judgements
judgemetns,judgement
judgmetns,judgments
judment,judgment
july,July
june,June
justifiy,justify
kenetic,kinetic
khz,kHz
kienetic,kinetic
kientic,kinetic
kinteic,kinetic
kknowledge,knowledge
knknowledge,knowledge
knkoldeg,knowledge
knkow,know
knoelge,knowledge
knoldege,knowledge
knoledge,knowledge
knolege,knowledge
knolwege,knowledge
knott,knot
knowdge,knowledge
knowedge,knowledge
knoweldge,knowledge
knoweledge,knowledge
knowelge,knowledge
knowldege,knowledge
knownledge,knowledge
knwlege,knowledge
kurn,kern
laberatory,laboratory
laboritiries,laboratories
laboritory,laboratory
lalanguage,language
lanage,language
lanaguae,language
lanaguage,language
lanague,language
lanauge,language
lanaugue,language
langage,language
langague,language
langange,language
langauage,language
langaue,language
langauge,language
languae,language
langugae,language
languge,language
langugue,language
lanuage,language
lanugauge,language
laugauge,language
launguage,language
laungue,language
learing,learning
leavin,leaving
lecutre,lecture
lexial,lexical
lieterature,literature
limets,limits
limittaions,limitations
limmited,limited
limmiting,limiting
lingueistic,linguistic
lingugstic,linguistic
lingusitc,linguistic
lingusitic,linguistic
lingustic,linguistic
liniar,linear
liniear,linear
linquesitdc,linguistic
listqugistic,linguistic
litererature,literature
litrature,literature
logicaly,logically
logicically,logically
lookedk,looked
looop,loop
lps,LPs
luckly,luckily
lunicy,lunacy
mabaye,maybe
mabey,maybe
maccho,macho
macintosh,Macintosh
maek,make
magnitism,magnetism
magntude,magnitude
maikng,making
maintian,maintain
manifistation,manifestation
mantiance,maintenance
manuver,manoeuvre
marvelous,marvellous
masicistic,masochistic
masss,mass
materals,materials
mathamatical,mathematical
mathmatical,mathematical
mathmatics,mathematics
mathmetical,mathematical
matress,mattress
matterial,material
maxium,maximum
maybey,maybe
Mb,MB
mbps,Mbps
mchu,much
mcuh,much
mearly,merely
measuing,measuring
measureing,measuring
measurment,measurement
mechancal,mechanical
mediaevual,mediaeval
mediaval,mediaeval
medicince,medicine
medivail,medieval
medivual,medieval
meetng,meeting
memoery,memory
memoise,memorise
memoize,memorize
memorisd,memorised
memorizd,memorized
metaphores,metaphors
metaphrically,metaphorically
metephore,metaphor
methedology,methodology
metiphore,metaphor
metiphorical,metaphorical
mgiht,might
mhz,MHz
mideral,medieval
mideval,medieval
midevial,medieval
midivial,medieval
mightly,mightily
milion,million
minipulated,manipulated
miniscule,minuscule
mintue,minute
mintute,minute
mirioring,mirroring
mmore,more
mnaintain,maintain
moday,Monday
modifed,modified
moevement,movement
molases,molasses
molicules,molecules
monalogue,monologue
monday,Monday
monopalie,monopoly
monpoly,monopoly
moraity,morality
moring,morning
morniing,morning
motehr,mother
motivzated,motivated
movemnet,movement
movemtn,movement
movenent,movement
movment,movement
movmnet,movement
mronign,morning
muhc,much
museam,museum
musicans,musicians
musieam,museum
muslum,Muslim
mysteriuos,mysterious
mystry,mystery
nad,and
nand,and
narative,narrative
nationlist,nationalist
natrual,natural
natual,natural
natuarlly,naturally
nautre,nature
nbetween,between
neccessity,necessity
neccestiy,necessity
neccisarily,necessarily
neccisarly,necessarily
neccisary,necessary
neccisity,necessity
neccissarly,necessarily
neccseitys,necessities
necicarly,necessarily
necicsarilly,necessarily
necisaarily,necessarily
necisarly,necessarily
necisary,necessary
necsiarly,necessarily
necsicarly,necessarily
negitive,negative
neice,niece
neitehr,neither
nervious,nervous
nesciarly,necessarily
nescisarliy,necessarily
nescisarly,necessarily
nesicarly,necessarily
nesicasrly,necessarily
nesicsarly,necessarily
nesisarly,necessarily
nessisarly,necessarily
nessisary,necessary
neumonia,pneumonia
neurol,neural
neuroscince,neuroscience
neursis,neurosis
newtionan,Newtonian
nexpercinetal,experimental
nofthe,of the
nomatter,no matter
nonviolance,nonviolence
normaly,normally
notto,not to
november,November
novermber,November
nubmers,numbers
numerious,numerous
nusance,nuisance
nutricion,nutrition
nwith,with
obective,objective
oberves,observes
objectivly,objectively
obsereved,observed
observatoinal,observational
observatons,observations
obsesive,obsessive
obsevervation,observation
occationaly,occasionally
ocncept,concept
ocnintues,continues
ocomming,coming
october,October
oculd,could
offfered,offered
officails,officials
offical,official
ofhte,of the
oftne,often
ofund,found
ojbecitve,objective
omerges,emerges
ommited,omitted
ommitted,omitted
oncomming,oncoming
onrigally,originally
operatoins,operations
opion,opinion
oponent,opponent
oponets,opponents
oportunites,opportunities
oposite,opposite
oppisite,opposite
oppoinent,opponent
orcestrationg,orchestrating
oreven,or even
orgion,origin
origialnlly,originally
origianly,originally
origiated,originated
origion,origin
orignal,original
orrientation,orientation
orthe,or the
oscilation,oscillation
oscillatoins,oscillations
oservation,observation
ossialte,oscillate
ossilation,oscillation
ossilatiosn,oscillations
ossilatoins,oscillations
oteher,other
oten,often
othersie,otherwise
ourder,order
ourselvs,ourselves
overal,overall
overwelming,overwhelming
ovious,obvious
oviusly,obviously
owith,with
paradgms,paradigms
paradiems,paradigms
paradim,paradigm
paralel,parallel
paralled,paralleled
parelell,parallel
parellel,parallel
paridigm,paradigm
paridim,paradigm
paritlces,particles
paritpants,participants
parrallel,parallel
parrelel,parallel
parrellel,parallel
partialy,partially
partically,particularly
particants,participants
particaptns,participants
particiants,participants
participaiton,participation
participats,participants
particpant,participant
particpatns,participants
particualarly,particularly
particually,particularly
particualr,particular
particuarlly,particularly
particuarly,particularly
particully,particularly
particupants,participants
partilces,particles
partipcant,participant
partiucalr,particular
partiucarly,particularly
partiuclarly,particularly
partiular,particular
partucarly,particularly
passon,passion
peirod,period
penitrate,penetrate
peple,people
percention,perception
perceptial,perceptual
percetion,perception
percetipion,perception
percetipn,perception
percietipion,perception
percieve,perceive
percieving,perceiving
percise,precise
percive,perceive
percnet,percent
perfered,preferred
perficatly,perfectly
perfom,perform
perfonance,performance
performace,performance
performancies,performances
performcnae,performance
periodlical,periodical
perminant,permanent
perminatly,permanently
perofrmance,performance
peronal,personal
perpectives,perspectives
persistnat,persistent
personilty,personality
personlity,personality
perspecitve,perspective
perspetive,perspective
phenedics,phonetics
phenomina,phenomena
philisophical,philosophical
philisphoical,philosophical
philolsophi,philosophy
philosohising,philosophising
philosohizing,philosophizing
philosohper,philosopher
philosophisies,philosophises
philosophizies,philosophizes
philosper,philosopher
philospher,philosopher
philosphi,philosophy
philosphy,philosophy
philospoher,philosopher
philospohy,philosophy
phinomina,phenomena
phoneotics,phonetics
phsically,physically
phsycological,psychological
phycis,physics
phycological,psychological
physcial,physical
physcology,psychology
physial,physical
pinciple,principle
placeing,placing
placisity,placidity
plannig,planning
plastisity,plasticity
platnet,planet
plausable,plausible
pliease,please
poele,people
poitn,point
polital,political
politcal,political
politilcal,political
popualr,popular
populatoin,population
populitoins,populations
porgressing,progressing
porselain,porcelain
portible,portable
posible,possible
positoin,position
positve,positive
possesed,possessed
possibilties,possibilities
possibilty,possibility
possiblities,possibilities
possiblity,possibility
possition,position
possitive,positive
possitoins,positions
possitve,positive
posssition,position
posstive,positive
posterrity,posterity
postive,positive
potatoe,potato
potiental,potential
potnetial,potential
powerbook,PowerBook
powermac,Power Mac
powr,power
practicies,practices
practisies,practises
pradigm,paradigm
prduct,product
preception,perception
predicesors,predecessors
predictio,prediction
prefered,preferred
preformoed,preformed
premission,permission
prenatually,prenatally
preoccopation,preoccupation
prepariation,preparation
preparred,prepared
preperaoin,preparation
prequiste,prerequisite
preqursor,precursor
presentatoin,presentation
preseration,preservation
presetned,presented
presevered,persevered
preseves,preserves
presnet,present
presuposed,presupposed
prevatiling,prevailing
prevous,previous
prgressing,progressing
priciple,principle
primairly,primarily
primarly,primarily
princple,principle
prinple,principle
prisioner,prisoner
prisions,prisons
prisoniers,prisoners
privete,private
privladged,privileged
privleges,privileges
probabaly,probably
probabilties,probabilities
probabilty,probability
probabliity,probability
probablity,probability
probalbities,probabilities
probalbity,probability
probalbly,probably
probalby,probably
probaliby,probability
probem,problem
problimatical,problematical
probly,probably
proccesing,processing
proccess,process
proceedures,procedures
proceessing,processing
processsig,processing
prodcution,production
prodcutive,productive
producitive,productive
producitve,productive
productoin,production
profesional,professional
profesor,professor
profet,profit
proffesional,professional
proffesor,professor
progrm,program
prolems,problems
proliferic,prolific
pronuciation,pronunciation
pronuncation,pronunciation
proparty,property
propigate,propagate
proportianal,proportional
protestiant,protestant
protistants,Protestants
provdie,provide
pschological,psychological
psycholgical,psychological
psycholgy,psychology
psycholigic,psychologic
psycholooical,psychological
psycolgical,psychological
psycolingustics,psycholinguistics
psycologic,psychologic
psycology,psychology
publicaion,publication
publically,publicly
puncuated,punctuated
pupose,purpose
puzel,puzzle
puzzel,puzzle
pysical,physical
qiestion,question
QT,QuickTime
qualificaion,qualification
qualificatoin,qualification
qualtiy,quality
quantitiave,quantitative
quesin,question
quesitons,questions
questnios,questions
queston,question
quiestion,question
quilifies,qualifies
radiaclly,radically
ralndom,random
randomoly,randomly
rasberry,raspberry
rationlists,rationalists
reagard,regard
reagrd,regard
reajusted,readjusted
realated,related
realatoin,relation
realisd,realised
realitive,relative
realitiy,reality
realiy,reality
realsie,realise
realtion,relation
realtively,relatively
realtivistic,relativistic
reasorces,resources
recduction,reduction
receipant,recipient
recived,received
recognation,recognition
recogniton,recognition
recognosable,recognisable
recognozable,recognizable
recogntion,recognition
reconise,recognise
rediculous,ridiculous
reductdion,reduction
redundencies,redundancies
reestablismetn,reestablishment
refective,reflective
refering,referring
refernce,reference
refledct,reflect
refrences,references
regualrly,regularly
rehabilitain,rehabilitation
relaitonships,relationships
relatihip,relationship
relationhip,relationship
relatioships,relationships
relativly,relatively
relavent,relevant
relevent,relevant
relgion,religion
relgious,religious
religoin,religion
religon,religion
religos,religious
reltionship,relationship
remaing,remaining
remarkabely,remarkably
remarkble,remarkable
rember,remember
rememberance,remembrance
renisosnse,renaissance
renissance,renaissance
reocrd,record
reomte,remote
reorginis,reorganis
reorginiz,reorganiz
repaeted,repeated
repalce,replace
repentence,repentance
repesent,represent
replaice,replace
repreesents,represents
represenative,representative
representaive,representative
represion,repression
represnents,represents
represson,repression
represssion,repression
represtaive,representative
represtn,represent
reproccessing,reprocessing
reprodcue,reproduce
reputatoin,reputation
reqires,requires
requeres,requires
requierments,requirements
requirnment,requirement
requriment,requirement
reserch,research
resesarch,research
resistence,resistance
resitance,resistance
reslut,result
resocrd,record
resonsive,responsive
respectablity,respectability
respectivly,respectively
respoinded,responded
responsibilty,responsibility
responsibity,responsibility
responsiblities,responsibilities
restiance,resistance
resulst,results
resutl,result
resutt,result
retoric,rhetoric
retrospecive,retrospective
retured,returned
reustl,result
revisting,revisiting
revlolution,revolution
revoltions,revolutions
revoluinary,revolutionary
revoluitons,revolutions
revolutin,revolution
revolutoin,revolution
revoluton,revolution
revoution,revolution
rewritting,rewriting
ricahrd,Richard
rommeo,Romeo
rootd,rooted
rossivelt,Roosevelt
rotines,routines
rulars,rulers
rulling,ruling
safty,safety
sanwich,sandwich
satified,satisfied
satifies,satisfies
saturday,Saturday
scandelus,scandalous
scaning,scanning
sceince,science
sceintific,scientific
sceintists,scientists
sceintsit,scientist
scenese,scenes
schedma,schema
schedual,schedule
schemada,schemata
scholoarship,scholarship
scholors,scholars
scieific,scientific
scieinfic,scientific
scieintifc,scientific
scieintific,scientific
scieintist,scientist
scieintsits,scientists
scieintsts,scientists
scieitfic,scientific
scieitists,scientists
scieitns,scientists
scienc,science
sciene,science
scienitifc,scientific
sciensts,scientists
scientif,scientific
scinece,science
scinefitc,scientific
scinfitic,scientific
scinst,scientist
secondry,secondary
secrity,security
sectoin,section
seemilgly,seemingly
segmnet,segment
sendng,sending
senetces,sentence
sensatoin,sensation
senseory,sensory
sensroy,sensory
sensses,senses
sentecne,sentence
september,September
serach,search
seriosly,seriously
seroulsy,seriously
sesion,session
sesnes,senses
sesory,sensory
setings,settings
setitng,setting
seventeeth,seventeenth
severly,severely
sexaulity,sexuality
sexuallity,sexuality
shakerpear,Shakespeare
shakespear,Shakespeare
shakesperian,Shakespearean
shakspearian,Shakespearean
shaperoned,chaperoned
shoping,shopping
shoulld,should
siceince,science
siceintific,scientific
siceints,scientists
siceitifc,scientific
sicence,science
sicentist,scientist
sicneice,science
sicsitnst,scientist
signficantly,significantly
signficatly,significantly
signfitnt,significant
signianft,significant
signifance,significance
signifant,significant
signifcance,significance
signifcant,significant
signifcatly,significantly
signifiactly,significantly
signifianctly,significantly
signifiant,significant
signifiatn,significant
significanlt,significant
significatly,significantly
significnatly,significantly
signifnant,significant
signiticantly,significantly
signlal,signal
similair,similar
similarites,similarities
similarityes,similarities
similuar,similar
simlair,similarly
simlar,similar
simliar,similar
simplificatoin,simplification
simplifing,simplifying
simulaneously,simultaneously
simulants,stimulants
simulatiously,simultaneously
simultaneiously,simultaneously
simultaniously,simultaneously
simultanously,simultaneously
simultatiousl,simultaneously
sincererly,sincerely
sinifcatly,significantly
sitiations,situations
situaion,situation
situatoin,situation
situtation,situation
sitution,situation
skeptical,sceptical
skepticism,scepticism
slectively,selectively
sligtly,slightly
smothly,smoothly
socail,social
socciety,society
soceity,society
sociallism,socialism
socieatal,societal
socielly,socially
socilisation,socialisation
socilise,socialise
socilitsatoin,socialisation
socilitzatoin,socialization
socilization,socialization
socilize,socialize
socitey,society
socities,societies
socity,society
soctiety,society
soicety,society
soiciety,society
solilique,soliloquy
soluitons,solutions
somehting,something
somemore,some more
soocial,social
soothsasyer,soothsayer
sorce,source
sould,should
spainish,Spanish
speaekr,speaker
specialisatoin,specialisation
specializatoin,specialization
specias,species
specifally,specially
specifc,specific
specifiaclly,specifically
specifially,specifically
specifizatin,specification
speciic,specific
specualte,speculate
spedning,spending
speechs,speeches
spefic,specific
speicalistion,specialisation
speicaliztion,specialization
speices,species
speicfic,specific
speicifally,specifically
speicific,specific
speicilise,specialise
speicilize,specialize
speific,specific
speiif,specific
speratic,sporadic
spontanoiusly,spontaneously
ssuccessful,successful
stablilty,stability
stablishmetn,establishment
stablity,stability
statemet,statement
statisfied,satisfied
statitics,statistics
steriods,steroids
steriotypes,stereotypes
steriotypicl,stereotypical
steriotypoing,stereotyping
stinulus,stimulus
storgage,storage
strech,stretch
strenthened,strengthened
strucre,structure
structore,structure
structrue,structure
structual,structural
structues,structures
strucural,structural
strucure,structure
strucutre,structure
strugling,struggling
stucture,structure
studetns,students
studing,studying
studnt,student
stuructre,structure
subconcious,subconscious
subjecive,subjective
subjectivly,subjectively
subjexts,subjects
sublte,subtle
subsiquent,subsequent
subsiquient,subsequent
substaintial,substantial
substative,substantive
substutiong,substituting
suburben,suburban
sufficent,sufficient
sugest,suggest
suggestsed,suggested
sujesting,suggesting
sujestions,suggestions
sumemrising,summarising
sumemrizing,summarizing
summerise,summarise
summerize,summarize
sunday,Sunday
supersturcte,superstructure
suply,supply
suported,supported
suppervision,supervision
supposidly,supposedly
suprisingly,surprisingly
surival,survival
surive,survive
surpase,surpass
surronding,surrounding
surviaval,survival
survie,survive
survivail,survival
survivial,survival
sutdents,students
swtich,switch
sybolism,symbolism
sying,saying
symantic,semantic
syntatic,syntactic
syphiliss,syphilis
systhesis,synthesis
sytem,system
sythesise,synthesise
sythesize,synthesize
tacktic,tactic
talbe,table
tangeble,tangible
tangiblie,tangible
tarribly,terribly
taugh,taught
teachre,teacher
teator,theatre
techinques,techniques
techniuqes,techniques
technolgies,technologies
technuqes,techniques
technuque,technique
tellnig,telling
temsleves,themselves
tendancies,tendencies
tendancy,tendency
tendnecy,tendency
tentionsion,tension
tentive,tentative
termially,terminally
termonlogy,terminology
terriblly,terribly
testmant,testament
tey,they
thaan,than
theapeutic,therapeutic
theapist,therapist
theapy,therapy
thearapists,therapists
thearipy,therapy
theator,theatre
theeory,theory
themseles,themselves
theoaputic,therapeutic
theolgical,theological
theoogy,theology
theoratical,theoretical
theoretial,theoretical
theoripist,therapist
theoritic,theoretic
theorlogy,theology
theorm,theorem
theoropy,therapy
theortical,theoretical
theorum,theorem
theorys,theories
theprocess,the process
therfore,therefore
theroys,theories
thiier,their
thoery,theory
thoguh,though
thories,theories
thoruhgt,throughout
thrid,third
thursday,Thursday
tidbits,TidBITS
tivo,TiVo
tobaco,tobacco
togheter,together
tohers,others
tollerance,tolerance
tomatoe,tomato
tommorow,tomorrow
tommorw,tomorrow
tradtional,traditional
tradtions,traditions
tragety,tragedy
tragity,tragedy
traingle,triangle
tranformatoin,transformation
tranformed,transformed
trangle,triangle
transfermation,transformation
transitoin,transition
transiton,transition
translatoin,translation
transperant,transparent
transtion,transition
tremondous,tremendous
triagle,triangle
trivally,trivially
triynig,trying
trobbing,throbbing
trueth,truth
truimph,triumph
tryied,tried
tryingto,trying to
tthat,that
tuesday,Tuesday
turmonal,turmoil
turmoul,turmoil
turtoring,tutoring
tvs,TVs
uanble,unable
ubt,but
uderence,utterances
ultalmte,ultimate
ultametly,ultimately
ultamtly,ultimately
ultematly,ultimately
ultiamtly,ultimately
ultimatley,ultimately
ultimatly,ultimately
ultimetly,ultimately
ultiomate,ultimate
ultumate,ultimate
unabriged,unabridged
unaccetable,unacceptable
uncertantiy,uncertainty
uncertanty,uncertainty
uncertian,uncertain
uncesarly,unnecessarily
uncioncios,unconscious
uncoffortable,uncomfortable
uncommfortable,uncomfortable
unconcious,unconscious
uncoperative,uncooperative
undermne,undermine
underpindings,underpinnings
underpinings,underpinnings
understad,understand
understnd,understand
understoon,understood
underswtanding,understanding
undertsnding,understanding
unecsarly,unnecessarily
unemployetm,unemployment
unescarly,unnecessarily
unesciarly,unnecessarily
uneseirly,unnecessarily
unesrcarly,unnecessarily
unforcdhatlay,unfortunately
unforchatly,unfortunately
unforchiatly,unfortunately
unforchinatly,unfortunately
unfortunatly,unfortunately
unhappyness,unhappiness
unimformed,uninformed
unintelligable,unintelligible
uniquness,uniqueness
univeral,universal
univere,universe
universtiy,university
universty,university
univesal,universal
univesty,university
univiesty,university
univisties,universities
univisty,university
unknow,unknown
unnecciasrly,unnecessary
unnecesary,unnecessary
unnensirarly,unnecessarily
unnesiarly,unnecessarily
unnesicarly,unnecessarily
unnesirayl,unnecessarily
unnesisarly,unnecessarily
unnesisraly,unnecessarily
unnessicary,unnecessarily
unnnesiarly,unnecessarily
unofficail,unofficial
unoffical,unofficial
unorthedox,unorthodox
unprecidnented,unprecedented
unrepresantative,unrepresentative
untimate,ultimate
unusally,unusually
unusaul,unusual
unviersal,universal
usefull,useful
uterly,utterly
vacinate,vaccinate
vacum,vacuum
vally,valley
valuminous,voluminous
varaible,variable
varialbe,variable
variaoin,variation
varibles,variables
varioables,variables
varous,various
varries,varies
varyious,various
vauge,vague
veiw,view
veloicty,velocity
vicarously,vicariously
victuems,victims
viens,veins
vigerously,vigorously
violnin,violin
visoin,vision
visously,viscously
visted,visited
vitial,vital
vlue,value
volcabularies,vocabularies
volme,volume
wahht,what
wavelenghts,wavelengths
wavelenth,wavelength
wcch,which
wednesday,Wednesday
Wendsday,Wednesday
werent,weren't
wether,whether
whateer,whatever
whenteh,when the
whiich,which
whne,when
whre,where
wich,which
wihich,which
withte,with the
wommen,women
worknig,working
worthwile,worthwhile
writter,writer
writtn,written
wth,with
wtihout,without
wuold,would
youself,yourself
ystem,system
ythe,the
