name,misc
マカ（Maca）,性機能を改善し、エネルギーと持久力をサポートするとされる根菜の一種です。
トリビュラス（Tribulus）,男性の性的パフォーマンスや筋力の向上をサポートするとされるハーブです。
ホースチェストナッツ（Horse Chestnut）,血流を改善し、勃起機能をサポートするとされる植物由来の成分です。
ガラナ（Guarana）,エネルギー増強や性欲向上のために使用される天然の刺激物です。
亜鉛（Zinc）,性ホルモンの生産をサポートし、性機能を向上させるとされるミネラルです。
ホルミジオグロウ（Horny Goat Weed）,性的機能やリビドーをサポートするとされるハーブの一種です。
ギンコビロバ（Ginkgo Biloba）,血流を改善し、性的機能や勃起の質を向上させるとされるハーブです。
パナックスジンセン（Panax Ginseng）,エネルギーと体力を増強し、性的なパフォーマンスを向上させるとされるハーブの一種です。
ライジウム（L-Arginine）,一部の研究では、血流を改善し勃起機能を向上させる可能性があるとされるアミノ酸です。
マカプラス（Maca Plus）,マカに加えて他の植物や栄養素が組み合わされたサプリメントで、性機能とエネルギーの向上をサポートすることを目指しています。
アルギニン（Arginine）,アミノ酸の一種で、一部の研究では性機能や血流改善のサポートに関連しているとされています。
ノコギリヤシ（Saw Palmetto）,前立腺の健康をサポートし、男性特有の問題に関連しているとされるハーブです。
ディアアントラー（Deer Antler Velvet）,スタミナと筋力の増強に関連しているとされる成分です。
シルデナフィル（Sildenafil）,勃起不全の治療薬として知られており、性的機能の向上に関与することがあります（ただし、処方箋が必要な医薬品です）。
セルノアイビー（Cernilton）,前立腺の健康をサポートし、尿のトラブルや勃起の質に関連しているとされる成分です。
ピニバークエキス（Pycnogenol）,血流改善や勃起機能の向上に関与する可能性のある抽出物です。
マカロン（Maca Root）,マカの根から抽出されたサプリメントで、性機能の向上やエネルギー増強をサポートするとされています。
シトルリンマラト（Citrulline Malate）,血流改善や筋肉疲労の緩和に関与するアミノ酸の一種です。
オルニチン（Ornithine）,疲労回復や体力増強に関与するアミノ酸です。
グロブリン（Globe Artichoke）,血流改善や消化機能のサポートに関連しているとされる植物成分です。
フェヌグリーク（Fenugreek）,性ホルモンのバランスを整え、性機能や筋力の向上に関与するとされるハーブです。
プルビテスト（Tribulus Terrestris）,性的パフォーマンスやリビドーの向上をサポートするとされる植物成分です。
ピンクム（Pink Muira Puama）,性的な活力やリビドーの向上をサポートするとされるアマゾンの植物です。
オメガ-3脂肪酸（Omega-3 Fatty Acids）,血流改善や心血管健康に関与し、性機能のサポートにも寄与するとされる必須脂肪酸です。
セレン（Selenium）,睾丸機能や精子の健康に関与するミネラルです。
ビタミンD（Vitamin D）,性ホルモンの調節や骨の健康に関与し、男性の性機能のサポートにも重要です。
ビタミンC（Vitamin C）,抗酸化作用や免疫機能のサポートに関与し、性機能の向上にも寄与することがあります。
ビタミンE（Vitamin E）,抗酸化作用や血行促進に関与し、性機能や精子の健康にも寄与するとされます。
ビタミンB12（Vitamin B12）,神経機能やエネルギー代謝に関与し、全体的な健康と性機能のサポートに重要です。

エディケアEX（EdiCare EX）,エディケアEXは、男性の性機能や勃起力の向上をサポートすることを目指したサプリメントです。
プロキオン（Procyon）,プロキオンは、男性の性機能やリビドーの向上をサポートするために開発されたサプリメントです。
クラチャイダムゴールド（Kra-Chai-Dam Gold）,クラチャイダムゴールドは、タイのハーブであるクラチャイダムを主成分として使用した、男性の性機能とエネルギー増強をサポートするサプリメントです。
マカエンペラー（Maca Emperor）,マカエンペラーは、マカと呼ばれる根菜を主成分として使用した、性機能や体力の向上をサポートするサプリメントです。
エディタルEX（Edital EX）,エディタルEXは、男性の勃起機能の向上と持続力の増加をサポートするために開発されたサプリメントです。
スピルリナ（Spirulina）,スピルリナは、栄養豊富な藍藻の一種であり、全体的な健康とエネルギー増強に寄与するとされています。
エビオス（Ebios）,エビオスは、ビタミンB群やアミノ酸などを含むサプリメントであり、全体的な健康と体力増強をサポートすることを目指しています。
MVM（Multivitamin and Mineral）,MVMは、多種多様なビタミンやミネラルを含む総合栄養補助食品であり、全体的な健康とエネルギー増強をサポートすることを目指しています。
NOブースター（Nitric Oxide Booster）,NOブースターは、一部の研究によれば血流改善や筋力増強に関与するとされる成分を含んだサプリメントです。
ビール酵母（Brewers Yeast）,ビール酵母は、ビタミンB群やミネラルを豊富に含む自然食品であり、エネルギー増強や全体的な健康をサポートすることが期待されています。
バイオレットドラゴン（Violet Dragon）,バイオレットドラゴンは、エネルギーと性機能の向上をサポートするための特殊なブレンド成分を含むサプリメントです。
バイタルアンサー（Vital Answer）,バイタルアンサーは、男性の性機能や生殖システムの健康をサポートするための植物成分を含むサプリメントです。
スタンドアップ（Stand Up）,スタンドアップは、男性の性機能と持続力の向上をサポートするためのサプリメントです。
ペプチア（Pepcia）,ペプチアは、エネルギー増強や性機能のサポートに関連する特定の成分を含むサプリメントです。

シアリス（Cialis）,シアリスはタダラフィルという成分を含む処方箋医薬品であり、勃起不全（ED）の治療に使用されます。シアリスは血管を拡張させ、勃起を促進する効果があります。
アンドリオール（Andriol）,アンドリオールは、テストステロンの代替療法として使用される処方箋医薬品です。テストステロンは男性の性機能や筋力の維持に関与します。
メダナボル（Methandrostenolone）,メダナボルは、合成型のアナボリックステロイドの一種であり、筋肉量の増加やパフォーマンスの向上を目的としたスポーツサプリメントとして使用されることがあります。
オキシポロン（Oxymetholone）,オキシポロンは、合成型のアナボリックステロイドの一種であり、筋肉増強や筋力向上を目指す場合に使用されることがあります。
マトン（Maton）,マトンは、男性の性機能や体力向上をサポートするための特定の成分を含むサプリメントです。
スパルトT5（Spart T5）,スパルトT5は、エネルギー増強や体力向上をサポートするための特定の成分を含むサプリメントです。
タダラフィル（Tadalafil）,タダラフィルは、シアリスの主成分であり、勃起不全（ED）の治療に使用されることがあります。
八味地黄丸（Hachimi-jio-gan）,八味地黄丸は、伝統的な漢方薬であり、男性の性機能や体力向上をサポートするために使用されることがあります。
人参養栄湯（Ninjin-yoei-to）,人参養栄湯は、伝統的な漢方薬であり、体力や健康維持をサポートするために使用されることがあります。
ミノキシジル（Minoxidil）,ミノキシジルは、一般的に脱毛症の治療に使用される医薬品です。
アシュワガンダ（Ashwagandha）,アシュワガンダは、ハーブサプリメントとして知られており、ストレス軽減や体力の向上をサポートするために使用されることがあります。
ヨヒンベバーク（Yohimbe Bark）,ヨヒンベバークは、性機能の向上やエネルギー増強をサポートするために使用されることがありますが、安全性に関する懸念も存在します。
トンカットアリ（Tongkat Ali）,トンカットアリは、男性の性機能や体力向上をサポートするためのハーブサプリメントとして言及されることがあります。
亜鉛セレン（Zinc Selenium）,亜鉛とセレンは、ミネラルサプリメントとして一般的に使用され、男性の健康や性機能のサポートに関連して言及されることがあります。
朝鮮人参（Panax Ginseng）,朝鮮人参は、体力や健康維持をサポートするために使用されることがあります。
タウリン（Taurine）,タウリンはアミノ酸の一種であり、エネルギー産生や抗酸化作用に関与することが知られています。
イチョウ葉エキス（Ginkgo Biloba Leaf Extract）,イチョウ葉エキスは、脳機能や血液循環の改善をサポートするために使用されることがあります。

