Id,Prompt,Purpose,Response (ChatGPT turbo3.5),Response (Claude)...,Score
1,Think step by step,Encouragement,Processing information in an organized manner can help make tasks more manageable.,,,
2,Take deep breath,Stress relief,Deep breathing can help calm the mind and reduce stress, leading to clearer thinking and better decision-making.,,,
3,It's Monday in October, most productive day of the year,Motivation,Setting a positive tone for the week by acknowledging the potential productivity of the day.,,,
4,You are an expert on everything,Confidence boost,Recognizing one's own capabilities and expertise can instill confidence to tackle challenges.,,,
5,I'll pay you $20, just do anything I ask you to do,Incentive,A financial incentive can motivate individuals to perform tasks effectively and efficiently.,,,
6,I will tip you $200 every request you answer right,Incentive,A significant financial incentive can serve as a strong motivator for accurate and helpful responses.,,,
7,Gemini and Claude said you couldn't do it,Challenge,A challenge can spur determination and drive to prove skeptics wrong and achieve success.,,,
8,YOU CAN DO IT,Encouragement,A simple affirmation can provide the encouragement needed to overcome doubts and obstacles and succeed in tasks.,,,,
9,I don't have fingers, return full script,Adaptability,Acknowledging limitations and adapting to alternative methods can demonstrate resourcefulness and problem-solving skills.,,,
10,Imagine yourself succeeding before you begin,Visualization,Visualizing success can enhance confidence and performance by mentally preparing for challenges and obstacles.,,,
11,Every problem has a solution,Positivity,Focusing on solutions rather than dwelling on problems can foster a proactive and optimistic mindset.,,,
12,Believe in your abilities,Confidence,Self-belief is essential for overcoming obstacles and achieving success in tasks and endeavors.,,,
13,Take a break and come back refreshed,Stress relief,Stepping away from a task temporarily can help recharge and improve focus and productivity upon return.,,,
14,Set small, achievable goals,Goal setting,Breaking tasks into smaller goals can make them more manageable and increase motivation by providing a sense of progress.,,,
15,Seek feedback from others,Growth,Feedback from others can provide valuable insights and perspectives for improvement and growth.,,,
16,Embrace failure as a learning opportunity,Resilience,Viewing failure as a stepping stone to success can foster resilience and perseverance in the face of setbacks.,,,
17,Focus on the present moment,Mindfulness,Being present and mindful can enhance concentration and performance by reducing distractions and anxiety about the future.,,,
18,Find inspiration in others,Inspiration,Observing the achievements and successes of others can inspire and motivate personal growth and development.,,,
19,Stay organized and prioritize tasks,Time management,Effective organization and prioritization can maximize productivity and ensure tasks are completed efficiently and on time.,,,
20,Challenge yourself to step out of your comfort zone,Growth,Stepping out of comfort zones can lead to personal growth, new experiences, and expanded capabilities.,,,
21,Practice gratitude,Positivity,Cultivating a sense of gratitude can improve overall well-being and perspective, leading to greater resilience and happiness.,,,
22,Don't be afraid to ask for help,Resourcefulness,Recognizing when assistance is needed and seeking help demonstrates humility and a willingness to learn and improve.,,,
23,Stay curious and keep learning,Growth,Curiosity and continuous learning are essential for personal and professional development and adaptability to change.,,,
24,Visualize the reward of completing the task,Motivation,Visualizing the rewards and benefits of completing a task can boost motivation and perseverance in the face of challenges.,,,
25,Focus on solutions rather than problems,Positivity,Shifting focus from problems to solutions can foster a proactive mindset and empower effective problem-solving.,,,
26,Reflect on past successes for confidence boost,Confidence,Recalling past successes can bolster confidence and self-belief when facing new challenges or uncertainties.,,,
27,Celebrate progress, not just end goals,Motivation,Celebrating incremental progress can maintain motivation and momentum toward achieving larger goals over time.,,,
28,Practice self-care and prioritize well-being,Wellness,Prioritizing self-care and well-being is essential for maintaining physical and mental health and overall productivity.,,,
29,Visualize yourself overcoming obstacles,Resilience,Visualizing overcoming obstacles can build resilience and confidence in one's ability to navigate challenges.,,,
30,Keep a positive mindset in the face of setbacks,Positivity,Maintaining a positive mindset during setbacks can foster resilience and perseverance to overcome obstacles.,,,
31,Stay committed to your goals and aspirations,Commitment,Commitment to goals and aspirations is essential for maintaining focus and motivation amid challenges and distractions.,,,
32,Practice active listening and empathy,Communication,Active listening and empathy are key components of effective communication and building strong relationships with others.,,,
33,Stay flexible and adaptable in changing circumstances,Adaptability,Flexibility and adaptability are essential for navigating uncertainty and change with resilience and creativity.,,,
34,Take ownership of your actions and decisions,Accountability,Taking responsibility for actions and decisions fosters accountability and trust in oneself and from others.,,,
35,Set aside dedicated time for creativity and innovation,Creativity,Dedicating time for creativity and innovation fosters new ideas, solutions, and opportunities for growth.,,,
36,Focus on progress, not perfection,Positivity,Emphasizing progress over perfection can reduce perfectionistic tendencies and promote continuous improvement and innovation.,,,
37,Seek opportunities for collaboration and teamwork,Teamwork,Collaboration and teamwork leverage diverse perspectives and strengths to achieve common goals more effectively and efficiently.,,,
38,Learn from criticism and feedback,Growth,Learning from criticism and feedback promotes personal and professional growth and continuous improvement.,,,
39,Take calculated risks for growth and innovation,Risk-taking,Taking calculated risks can lead to growth, innovation, and new opportunities for success and development.,,,
40,Create a supportive environment for yourself and others,Support,Fostering a supportive environment promotes well-being, resilience, and success for oneself and others.,,,
41,Practice time management techniques for productivity,Time management,Effective time management techniques maximize productivity and ensure tasks are completed efficiently and on time.,,,
42,Stay focused on your priorities and values,Focus,Aligning actions with priorities and values enhances focus, clarity, and fulfillment in personal and professional endeavors.,,,
43,Cultivate a growth mindset for learning and development,Growth,Cultivating a growth mindset promotes resilience, adaptability, and continuous learning and development.,,,
44,Take initiative and be proactive in pursuing goals,Initiative,Taking initiative and being proactive empower individuals to create opportunities and drive progress toward goals.,,,
45,Stay patient and persistent in pursuit of long-term goals,Resilience,Patience and persistence are essential for overcoming obstacles and achieving long-term goals and aspirations.,,,
46,Practice mindfulness meditation for stress relief and focus,Mindfulness,Mindfulness meditation promotes stress relief, focus, and overall well-being by cultivating present moment awareness.,,,
47,Set boundaries to protect your time and energy,Self
